symbol,sector,price,rs_raw,roc_3m,roc_6m,rs_percentile,rs_h,rs_up,rank,rank_status,rank_diff
GVT&D,Capital Goods,4625.5,1.840166319360566,31.77,47.0,100,[100],False,1,new,0
ATHERENERG,Automobile and Auto Components,915.05,2.015046255135397,31.46,37.16,100,[100],False,2,new,0
NATIONALUM,Metals & Mining,401.95,1.7298507316798721,9.1,77.99,99,[99],False,3,new,0
NETWEB,Information Technology,4422.2,1.7164889882032321,37.22,21.81,99,[99],False,4,new,0
HINDCOPPER,Metals & Mining,569.2,1.8050034191449345,-7.09,71.51,99,[99],False,5,new,0
MCX,Financial Services,3097.8,1.5934402014588431,21.8,66.09,98,[98],False,6,new,0
KIRLOSENG,Capital Goods,1728.9,1.5080138694189338,40.89,69.97,98,[98],False,7,new,0
ACUTAAS,Healthcare,2734.3,1.4380683206678762,38.82,58.26,98,[98],False,8,new,0
POWERINDIA,Capital Goods,34005.0,1.3231652244127723,78.57,66.23,97,[97],False,9,new,0
GMDCLTD,Metals & Mining,684.7,1.3280727810121173,11.41,16.43,97,[97],False,10,new,0
SCHNEIDER,Capital Goods,1344.6,1.4193272478512426,78.53,51.09,97,[97],False,11,new,0
SCI,Services,339.05,1.1983644873313848,51.98,38.93,96,[96],False,12,new,0
SYRMA,Capital Goods,1100.15,1.3096112207726058,29.4,40.29,96,[96],False,13,new,0
BELRISE,Automobile and Auto Components,222.39,1.2957621747705255,20.5,53.09,96,[96],False,14,new,0
FORCEMOT,Automobile and Auto Components,20877.0,1.1578228675495321,4.03,14.21,95,[95],False,15,new,0
ADANIPOWER,Power,225.33,1.1698244851862425,45.1,42.26,95,[95],False,16,new,0
ANANDRATHI,Financial Services,3608.8,1.16206004161412,22.26,16.85,95,[95],False,17,new,0
GALLANTT,Capital Goods,869.25,1.0440407226567032,48.37,55.78,94,[94],False,18,new,0
APARINDS,Capital Goods,12810.0,1.1406241056676696,35.18,53.62,94,[94],False,19,new,0
LAURUSLABS,Healthcare,1228.3,1.1040954084784582,25.42,25.06,94,[94],False,20,new,0
CUMMINSIND,Capital Goods,5401.0,0.9806856925918992,29.11,25.68,93,[93],False,21,new,0
GABRIEL,Automobile and Auto Components,1131.9,0.9945174674002331,16.82,-10.4,93,[93],False,22,new,0
LTF,Financial Services,303.4,0.8890830216503247,5.68,8.36,92,[92],False,23,new,0
CRAFTSMAN,Automobile and Auto Components,8981.5,0.9679453844316102,16.45,34.45,92,[92],False,24,new,0
GESHIP,Services,1588.3,0.8935149186159903,28.21,52.84,92,[92],False,25,new,0
ABDL,Fast Moving Consumer Goods,591.3,0.8783752043650732,16.1,-13.53,91,[91],False,26,new,0
HFCL,Telecommunication,141.15,0.8784741883372063,105.01,83.38,91,[91],False,27,new,0
DATAPATTNS,Capital Goods,4103.4,0.8728470194429196,56.7,51.95,91,[91],False,28,new,0
BHEL,Capital Goods,404.6,0.870994355783008,48.37,51.39,90,[90],False,29,new,0
HBLENGINE,Capital Goods,848.15,0.8211768591887783,7.23,-15.32,90,[90],False,30,new,0
ABCAPITAL,Financial Services,362.95,0.8689392284384214,4.72,9.5,90,[90],False,31,new,0
NAM-INDIA,Financial Services,1103.4,0.7692002029117353,19.11,26.46,89,[89],False,32,new,0
BHARATFORG,Automobile and Auto Components,1989.7,0.8014187928010668,25.2,48.58,89,[89],False,33,new,0
CHENNPETRO,Oil Gas & Consumable Fuels,1076.9,0.8103168341840243,23.22,10.44,89,[89],False,34,new,0
BSE,Financial Services,3907.4,0.7617465076910226,34.91,56.51,88,[88],False,35,new,0
KARURVYSYA,Financial Services,304.65,0.7641862501046714,-3.97,21.39,88,[88],False,36,new,0
RBLBANK,Financial Services,343.45,0.7594666111418826,12.31,6.05,88,[88],False,37,new,0
MAHABANK,Financial Services,83.9,0.7462127197889985,28.44,45.75,87,[87],False,38,new,0
WELCORP,Capital Goods,1291.9,0.7383918096483408,58.38,39.69,87,[87],False,39,new,0
GRSE,Capital Goods,3051.3,0.7334824924200849,20.97,19.96,87,[87],False,40,new,0
ABSLAMC,Financial Services,1072.4,0.7128758051373223,30.25,37.45,86,[86],False,41,new,0
SAIL,Metals & Mining,184.88,0.7176548874482771,17.54,33.8,86,[86],False,42,new,0
NAVA,Power,727.05,0.711467191032523,25.84,20.22,86,[86],False,43,new,0
HINDALCO,Metals & Mining,1044.4,0.7003452374194001,8.23,25.62,85,[85],False,44,new,0
GRANULES,Healthcare,752.95,0.7108068020648368,29.22,31.26,85,[85],False,45,new,0
GRAPHITE,Capital Goods,751.75,0.7091255590508498,17.95,22.67,85,[85],False,46,new,0
GLENMARK,Healthcare,2366.4,0.6758843371723067,20.78,28.25,84,[84],False,47,new,0
GPIL,Capital Goods,294.35,0.6760478768634073,13.13,5.48,84,[84],False,48,new,0
IDEA,Telecommunication,11.24,0.6841424047637608,-0.97,19.45,84,[84],False,49,new,0
IFCI,Financial Services,64.45,0.6201210469585132,11.33,14.66,83,[83],False,50,new,0
SHRIRAMFIN,Financial Services,1007.75,0.6578703240404093,0.9,27.29,83,[83],False,51,new,0
RRKABEL,Capital Goods,1942.4,0.6180249051897784,36.39,37.96,83,[83],False,52,new,0
HINDZINC,Metals & Mining,635.1,0.6152652189289118,1.17,36.62,82,[82],False,53,new,0
EMCURE,Healthcare,1643.0,0.6129327196805712,9.08,22.8,82,[82],False,54,new,0
ADANIENSOL,Power,1353.6,0.6173720680508796,38.92,37.25,82,[82],False,55,new,0
INDIANB,Financial Services,865.55,0.6064791735236013,-1.56,-0.79,81,[81],False,56,new,0
MUTHOOTFIN,Financial Services,3528.9,0.6056874341141376,-4.38,11.62,81,[81],False,57,new,0
FEDERALBNK,Financial Services,297.25,0.605530019834722,3.43,24.97,81,[81],False,58,new,0
POLYCAB,Capital Goods,9083.0,0.5883815705907949,19.04,20.15,80,[80],False,59,new,0
J&KBANK,Financial Services,141.76,0.5923462528160452,34.54,34.73,80,[80],False,60,new,0
DELHIVERY,Services,479.1,0.5941324819515137,6.87,-1.19,80,[80],False,61,new,0
ASHOKLEY,Capital Goods,168.57,0.5720838013187759,-16.1,20.84,79,[79],False,62,new,0
SAILIFE,Healthcare,1115.6,0.5810654744883219,37.73,20.85,79,[79],False,63,new,0
USHAMART,Capital Goods,472.85,0.5631715801640456,12.18,-0.28,78,[78],False,64,new,0
CCL,Fast Moving Consumer Goods,1123.1,0.5603568771699456,12.29,26.72,78,[78],False,65,new,0
KEI,Capital Goods,5099.6,0.5691613128547182,15.29,27.96,78,[78],False,66,new,0
ADANIGREEN,Power,1355.8,0.5438298552185874,42.05,24.8,77,[77],False,67,new,0
ANURAS,Chemicals,1372.1,0.5543790840378486,9.27,26.82,77,[77],False,68,new,0
NAVINFLUOR,Chemicals,7041.5,0.556102596366683,11.16,19.36,77,[77],False,69,new,0
NUVAMA,Financial Services,1631.5,0.5330059734141375,19.83,20.68,76,[76],False,70,new,0
TATASTEEL,Metals & Mining,214.49,0.5317741941586134,9.77,19.63,76,[76],False,71,new,0
AUBANK,Financial Services,1050.4,0.5304312676204015,7.08,19.32,76,[76],False,72,new,0
NLCINDIA,Power,328.2,0.5229639125309264,24.15,27.0,75,[75],False,73,new,0
ZYDUSWELL,Fast Moving Consumer Goods,517.5,0.5176313379435509,28.97,11.77,75,[75],False,74,new,0
ENGINERSIN,Construction,256.45,0.5282251616257412,46.12,31.47,75,[75],False,75,new,0
UNIONBANK,Financial Services,166.24,0.4910573071130502,-5.6,9.7,74,[74],False,76,new,0
THERMAX,Capital Goods,4677.5,0.4920531422329171,58.56,45.86,74,[74],False,77,new,0
JMFINANCIL,Financial Services,145.25,0.5008813746181318,10.49,-11.31,74,[74],False,78,new,0
NATCOPHARM,Healthcare,1174.7,0.47633132046358684,39.9,43.79,73,[73],False,79,new,0
JINDALSTEL,Metals & Mining,1248.4,0.4736540562670948,6.95,15.52,73,[73],False,80,new,0
HSCL,Chemicals,637.65,0.4869100146365495,38.94,37.86,73,[73],False,81,new,0
CUB,Financial Services,260.35,0.46395797084829393,-10.87,0.66,72,[72],False,82,new,0
STARHEALTH,Financial Services,520.15,0.46944055472622703,10.72,6.47,72,[72],False,83,new,0
AMBER,Consumer Durables,8824.5,0.4668492291133668,38.1,13.17,72,[72],False,84,new,0
HONASA,Fast Moving Consumer Goods,359.25,0.46018593873556,29.6,28.69,71,[71],False,85,new,0
NMDC,Metals & Mining,88.8,0.45844679796236276,6.54,23.2,71,[71],False,86,new,0
LLOYDSME,Metals & Mining,1736.3,0.4552861055370272,35.07,31.74,71,[71],False,87,new,0
HEROMOTOCO,Automobile and Auto Components,5322.0,0.45324671394724736,-7.28,2.2,70,[70],False,88,new,0
BEL,Capital Goods,439.7,0.4450006103748825,0.54,6.36,70,[70],False,89,new,0
JPPOWER,Power,19.08,0.4451105043246686,18.44,6.65,70,[70],False,90,new,0
CGPOWER,Capital Goods,873.55,0.4386447869631924,30.46,17.11,69,[69],False,91,new,0
FORTIS,Healthcare,952.35,0.4426894953975067,10.76,-6.55,69,[69],False,92,new,0
NEULANDLAB,Healthcare,17666.0,0.43867310796871806,30.55,0.33,69,[69],False,93,new,0
PAYTM,Financial Services,1187.1,0.4254441026585365,-1.61,-6.38,68,[68],False,94,new,0
ANGELONE,Financial Services,326.0,0.4380734183412547,22.22,31.54,68,[68],False,95,new,0
BAJAJ-AUTO,Automobile and Auto Components,10711.5,0.4258587677361394,11.13,22.4,68,[68],False,96,new,0
NYKAA,Consumer Services,272.8,0.42146014859625947,8.67,8.76,67,[67],False,97,new,0
MOTHERSON,Automobile and Auto Components,132.03,0.41155536001192194,8.01,26.75,67,[67],False,98,new,0
SARDAEN,Metals & Mining,589.15,0.4168412931681371,13.0,9.98,67,[67],False,99,new,0
ASTERDM,Healthcare,742.4,0.4058521502938133,37.99,8.28,66,[66],False,100,new,0
JBCHEPHARM,Healthcare,2149.8,0.4111005890603272,14.32,27.42,66,[66],False,101,new,0
RADICO,Fast Moving Consumer Goods,3477.2,0.41116023587183625,26.28,8.88,66,[66],False,102,new,0
MANAPPURAM,Financial Services,315.5,0.40146007336958456,7.79,19.02,65,[65],False,103,new,0
M&MFIN,Financial Services,339.1,0.40551635986543944,-8.35,6.43,65,[65],False,104,new,0
TORNTPHARM,Healthcare,4380.8,0.39118400461961667,9.63,23.38,65,[65],False,105,new,0
TVSMOTOR,Automobile and Auto Components,3695.2,0.37964080999155425,-0.52,6.77,64,[64],False,106,new,0
EICHERMOT,Automobile and Auto Components,7302.5,0.38088432061365096,0.34,5.38,64,[64],False,107,new,0
PTCIL,Capital Goods,16786.0,0.37520405142753077,-5.25,-3.27,63,[63],False,108,new,0
HEG,Capital Goods,597.7,0.37899043782813924,10.34,3.11,63,[63],False,109,new,0
MRPL,Oil Gas & Consumable Fuels,167.94,0.37413343936117993,-6.26,-2.52,63,[63],False,110,new,0
KPIL,Construction,1275.7,0.3617937935915021,13.16,1.54,62,[62],False,111,new,0
GLAND,Healthcare,1904.4,0.3618507608522139,0.78,-3.43,62,[62],False,112,new,0
HDFCAMC,Financial Services,2854.0,0.3602239444537596,4.73,5.65,62,[62],False,113,new,0
SIEMENS,Capital Goods,3822.6,0.3506726168783534,16.17,22.23,61,[61],False,114,new,0
KAJARIACER,Consumer Durables,1104.1,0.3486425050394235,21.37,-5.45,61,[61],False,115,new,0
SBIN,Financial Services,1019.3,0.356125774194638,-4.58,6.44,61,[61],False,116,new,0
MFSL,Financial Services,1699.7,0.3411059559433278,-0.5,6.74,60,[60],False,117,new,0
JSWSTEEL,Metals & Mining,1277.8,0.3481699171335839,4.04,8.16,60,[60],False,118,new,0
TITAN,Consumer Durables,4509.0,0.3463104755983333,8.81,18.24,60,[60],False,119,new,0
ABB,Capital Goods,7012.5,0.3382350520861903,22.35,34.27,59,[59],False,120,new,0
BANDHANBNK,Financial Services,206.11,0.32721675955149365,31.0,31.99,59,[59],False,121,new,0
ADANIPORTS,Services,1760.4,0.3309786050186432,12.28,21.88,59,[59],False,122,new,0
CREDITACC,Financial Services,1497.0,0.3190263573836576,12.14,8.64,58,[58],False,123,new,0
SAMMAANCAP,Financial Services,148.78,0.31844990227526027,-0.97,-20.11,58,[58],False,124,new,0
ACMESOLAR,Power,282.8,0.3197354513842361,23.75,3.38,58,[58],False,125,new,0
TIMKEN,Capital Goods,3595.0,0.31014995501546205,10.66,17.41,57,[57],False,126,new,0
INDIACEM,Construction Materials,408.8,0.31785862895059736,-11.85,2.66,57,[57],False,127,new,0
MOTILALOFS,Financial Services,882.0,0.3074298425491384,11.87,-9.83,57,[57],False,128,new,0
BEML,Capital Goods,1950.9,0.30656493512557637,10.73,-9.15,56,[56],False,129,new,0
LINDEINDIA,Chemicals,7808.5,0.3019114321373837,30.74,29.64,56,[56],False,130,new,0
WOCKPHARMA,Healthcare,1606.5,0.3046220165593423,14.06,17.67,56,[56],False,131,new,0
BOSCHLTD,Automobile and Auto Components,38145.0,0.2923510718652531,1.07,3.02,55,[55],False,132,new,0
FINCABLES,Capital Goods,1141.3,0.2992685272223683,53.2,44.95,55,[55],False,133,new,0
AUROPHARMA,Healthcare,1487.3,0.2936592290710214,22.64,28.37,55,[55],False,134,new,0
ANANTRAJ,Realty,560.85,0.2853122478145005,1.03,-13.11,54,[54],False,135,new,0
MMTC,Services,67.79,0.2862245417335394,4.31,0.37,54,[54],False,136,new,0
VIJAYA,Healthcare,1278.9,0.2856268271992992,30.5,25.42,54,[54],False,137,new,0
UNOMINDA,Automobile and Auto Components,1178.9,0.28348728410575785,-2.08,-5.77,53,[53],False,138,new,0
AIAENG,Capital Goods,3971.9,0.28380776540459673,-1.68,22.22,53,[53],False,139,new,0
NSLNISP,Metals & Mining,43.66,0.2843748308574867,5.66,-2.91,53,[53],False,140,new,0
ONGC,Oil Gas & Consumable Fuels,279.2,0.26597133308636245,7.05,16.02,52,[52],False,141,new,0
COALINDIA,Oil Gas & Consumable Fuels,456.4,0.27133932078581924,6.33,22.48,52,[52],False,142,new,0
NESTLEIND,Fast Moving Consumer Goods,1482.4,0.28284561731788127,14.36,17.82,52,[52],False,143,new,0
CANFINHOME,Financial Services,879.55,0.2566851780697783,-6.12,2.86,51,[51],False,144,new,0
DCMSHRIRAM,Diversified,1231.8,0.25348360277660875,5.43,-3.24,51,[51],False,145,new,0
YESBANK,Financial Services,22.94,0.2623882646459168,6.45,-0.35,51,[51],False,146,new,0
ELGIEQUIP,Capital Goods,559.1,0.2526730847929064,13.51,15.92,50,[50],False,147,new,0
POONAWALLA,Financial Services,462.3,0.24944305666103062,10.02,-2.19,50,[50],False,148,new,0
VTL,Textiles,580.7,0.24663922085640366,18.12,32.61,49,[49],False,149,new,0
360ONE,Financial Services,1118.5,0.24241576661458142,-3.53,2.87,49,[49],False,150,new,0
LTFOODS,Fast Moving Consumer Goods,429.9,0.24471276315217327,4.37,2.51,49,[49],False,151,new,0
JSWENERGY,Power,571.2,0.24165590263315062,21.83,8.16,48,[48],False,152,new,0
WAAREEENER,Capital Goods,3230.1,0.2421135914674437,4.01,-4.14,48,[48],False,153,new,0
COCHINSHIP,Capital Goods,1776.7,0.24235219591898471,18.27,0.92,48,[48],False,154,new,0
ENDURANCE,Automobile and Auto Components,2528.9,0.23533852759364793,3.36,-12.86,47,[47],False,155,new,0
CGCL,Financial Services,197.97,0.23964134387102032,15.27,0.47,47,[47],False,156,new,0
PFC,Financial Services,461.35,0.23643906196845133,13.27,19.73,47,[47],False,157,new,0
SOLARINDS,Chemicals,16105.0,0.23246006910710815,18.66,13.73,46,[46],False,158,new,0
ASTRAL,Capital Goods,1569.8,0.23134750920932579,4.56,7.1,46,[46],False,159,new,0
TORNTPOWER,Power,1724.4,0.2353371439086327,23.78,33.58,46,[46],False,160,new,0
TATAINVEST,Financial Services,717.6,0.2313079641747673,12.63,-8.72,45,[45],False,161,new,0
ITI,Telecommunication,300.05,0.2249790785672341,3.2,-7.22,45,[45],False,162,new,0
PHOENIXLTD,Realty,1829.3,0.22779802090083123,8.93,8.72,45,[45],False,163,new,0
AJANTPHARM,Healthcare,3035.0,0.22233240390013975,7.57,20.86,44,[44],False,164,new,0
NTPC,Power,402.15,0.21803218069983954,10.33,23.6,44,[44],False,165,new,0
ZENTEC,Capital Goods,1625.1,0.21894610654358115,20.83,15.5,44,[44],False,166,new,0
TITAGARH,Capital Goods,839.95,0.21350249846344238,5.75,-4.48,43,[43],False,167,new,0
LT,Construction,3974.5,0.2109086561255109,-2.76,1.28,43,[43],False,168,new,0
LALPATHLAB,Healthcare,1649.8,0.203361898908617,17.57,5.12,43,[43],False,169,new,0
OFSS,Information Technology,9345.5,0.2009674325072015,27.88,15.47,42,[42],False,170,new,0
GMRAIRPORT,Services,101.32,0.1985524646589476,3.3,6.47,42,[42],False,171,new,0
CAMS,Financial Services,836.3,0.1947132859556553,13.67,10.97,42,[42],False,172,new,0
CESC,Power,184.41,0.1895151582080299,20.66,1.3,41,[41],False,173,new,0
LUPIN,Healthcare,2379.5,0.192378744182639,8.4,19.15,41,[41],False,174,new,0
OLECTRA,Automobile and Auto Components,1340.7,0.1938217058955003,25.98,-11.73,41,[41],False,175,new,0
TATAPOWER,Power,436.0,0.1888561807225282,17.35,8.84,40,[40],False,176,new,0
TECHNOE,Construction,1257.2,0.18569219871452614,18.41,-3.54,40,[40],False,177,new,0
APOLLOHOSP,Healthcare,8097.0,0.18889150757323514,13.94,3.81,40,[40],False,178,new,0
APLAPOLLO,Capital Goods,1948.6,0.1796382369750793,-10.38,9.52,39,[39],False,179,new,0
JINDALSAW,Capital Goods,243.96,0.17798670773198344,29.62,43.13,39,[39],False,180,new,0
OIL,Oil Gas & Consumable Fuels,454.2,0.17392234914903182,-9.06,7.74,39,[39],False,181,new,0
MARICO,Fast Moving Consumer Goods,831.3,0.1708353613497806,13.35,15.89,38,[38],False,182,new,0
TRAVELFOOD,Consumer Services,1248.0,0.16516907890013433,11.46,-5.19,38,[38],False,183,new,0
ENRIN,Capital Goods,3183.2,0.16977768152812467,25.83,-0.57,38,[38],False,184,new,0
SCHAEFFLER,Automobile and Auto Components,4247.9,0.1638385348009488,11.43,3.51,37,[37],False,185,new,0
ZFCVINDIA,Automobile and Auto Components,14571.0,0.15916660733034838,-4.93,13.38,37,[37],False,186,new,0
IPCALAB,Healthcare,1552.6,0.15611959768720984,10.4,18.55,37,[37],False,187,new,0
INDUSINDBK,Financial Services,950.75,0.15393822509536337,3.2,20.32,36,[36],False,188,new,0
PVRINOX,Media Entertainment & Publication,1073.8,0.15555107437835392,8.94,-11.01,36,[36],False,189,new,0
FACT,Chemicals,904.6,0.1520810410186919,12.88,0.84,35,[35],False,190,new,0
RAILTEL,Telecommunication,342.6,0.15383921987066884,2.69,-5.6,35,[35],False,191,new,0
JUBLPHARMA,Healthcare,1008.2,0.1532295791053233,1.97,-13.81,35,[35],False,192,new,0
ONESOURCE,Healthcare,1835.2,0.15080778419596985,51.21,0.09,34,[34],False,193,new,0
SONACOMS,Automobile and Auto Components,579.3,0.1516878085314537,8.72,20.13,34,[34],False,194,new,0
PRESTIGE,Realty,1507.3,0.15114184585707102,-1.71,-13.7,34,[34],False,195,new,0
SPLPETRO,Chemicals,739.9,0.14808334724752537,17.37,6.91,33,[33],False,196,new,0
TRITURBINE,Capital Goods,597.9,0.1500233791358132,17.98,12.01,33,[33],False,197,new,0
ALKEM,Healthcare,5585.5,0.14579598678791217,-0.41,0.04,33,[33],False,198,new,0
BIOCON,Healthcare,380.4,0.14242274701793223,3.22,-0.03,32,[32],False,199,new,0
ASIANPAINT,Consumer Durables,2599.9,0.14533368506481548,6.0,4.72,32,[32],False,200,new,0
IKS,Information Technology,1696.4,0.139650110443436,5.44,2.94,32,[32],False,201,new,0
KIMS,Healthcare,717.6,0.13499210054354505,17.7,0.1,31,[31],False,202,new,0
DIVISLAB,Healthcare,6710.5,0.13497760013039173,8.08,-1.37,31,[31],False,203,new,0
DRREDDY,Healthcare,1293.9,0.13826162337071302,4.33,7.83,31,[31],False,204,new,0
DMART,Consumer Services,4402.1,0.11166448010760321,15.11,5.25,30,[30],False,205,new,0
AADHARHFC,Financial Services,501.4,0.1090366325351142,6.09,-1.53,30,[30],False,206,new,0
HUDCO,Financial Services,231.98,0.13179261549522447,19.21,1.26,30,[30],False,207,new,0
GRASIM,Construction Materials,2968.6,0.10803566164408429,4.35,3.0,29,[29],False,208,new,0
CENTRALBK,Financial Services,36.51,0.10647074999646833,-0.41,-4.7,29,[29],False,209,new,0
OBEROIRLTY,Realty,1703.0,0.10344202515018752,11.45,-5.65,29,[29],False,210,new,0
ADANIENT,Metals & Mining,2505.9,0.10109638156554146,12.46,3.56,28,[28],False,211,new,0
GODREJIND,Diversified,1218.25,0.10194106474818243,20.82,9.98,28,[28],False,212,new,0
NTPCGREEN,Power,107.53,0.10216421981934531,22.78,6.74,28,[28],False,213,new,0
HAL,Capital Goods,4788.1,0.09926424869634243,14.48,3.03,27,[27],False,214,new,0
CHOLAFIN,Financial Services,1674.1,0.09844406560302033,-3.69,-4.04,27,[27],False,215,new,0
JUBLINGREA,Chemicals,742.6,0.09865870771671226,14.3,7.94,27,[27],False,216,new,0
AARTIIND,Chemicals,485.45,0.08917325656672381,9.61,26.06,26,[26],False,217,new,0
BAJFINANCE,Financial Services,955.35,0.0923274069804898,-0.83,-9.62,26,[26],False,218,new,0
ZYDUSLIFE,Healthcare,940.05,0.09228954668823142,3.84,-3.26,26,[26],False,219,new,0
DEEPAKFERT,Chemicals,1342.0,0.08548416610994458,28.52,-10.8,25,[25],False,220,new,0
NBCC,Construction,100.64,0.08242764439872508,-3.43,-11.41,25,[25],False,221,new,0
AXISBANK,Financial Services,1268.3,0.0869302824274969,-5.26,3.4,25,[25],False,222,new,0
PNBHOUSING,Financial Services,1091.2,0.07465978521322225,28.36,17.13,24,[24],False,223,new,0
RITES,Construction,227.15,0.07205354311555667,1.54,-6.91,24,[24],False,224,new,0
PREMIERENE,Capital Goods,1011.6,0.07642248598991896,29.51,-2.83,24,[24],False,225,new,0
TATACONSUM,Fast Moving Consumer Goods,1176.2,0.06577672281282765,2.01,-0.26,23,[23],False,226,new,0
CARBORUNIV,Capital Goods,1027.7,0.06698347895314494,27.82,13.22,23,[23],False,227,new,0
TIINDIA,Automobile and Auto Components,3049.8,0.06383138831974877,15.73,2.0,23,[23],False,228,new,0
RKFORGE,Automobile and Auto Components,610.25,0.062001495886960356,8.97,14.41,22,[22],False,229,new,0
IRCON,Construction,158.34,0.060423444011258765,1.38,-5.1,22,[22],False,230,new,0
DABUR,Fast Moving Consumer Goods,487.7,0.06054460008940232,-2.69,-5.18,22,[22],False,231,new,0
POWERGRID,Power,313.95,0.05580213747853513,9.7,15.68,21,[21],False,232,new,0
SUNPHARMA,Healthcare,1847.9,0.059945414109547235,9.12,10.05,21,[21],False,233,new,0
ATUL,Chemicals,7088.5,0.04503453119955392,12.2,20.24,20,[20],False,234,new,0
IGIL,Services,354.25,0.043485799893294486,6.87,5.12,20,[20],False,235,new,0
VBL,Fast Moving Consumer Goods,508.85,0.04844508687274307,14.63,8.27,20,[20],False,236,new,0
ATGL,Oil Gas & Consumable Fuels,633.05,0.04262124601556727,15.33,0.63,19,[19],False,237,new,0
HOMEFIRST,Financial Services,1200.3,0.04044783818396813,3.24,-4.34,19,[19],False,238,new,0
CONCOR,Services,534.75,0.038432617360310006,2.12,-0.27,19,[19],False,239,new,0
NHPC,Power,80.77,0.03550400477339899,4.78,-2.29,18,[18],False,240,new,0
SUZLON,Capital Goods,54.97,0.03826557447011525,10.45,-8.37,18,[18],False,241,new,0
ULTRACEMCO,Construction Materials,11950.0,0.03796209939303252,-6.68,1.11,18,[18],False,242,new,0
LICHSGFIN,Financial Services,581.5,0.02921411678159891,12.76,1.31,17,[17],False,243,new,0
RELIANCE,Oil Gas & Consumable Fuels,1435.2,0.028139416642365855,-1.48,-2.57,17,[17],False,244,new,0
SHYAMMETL,Capital Goods,903.5,0.03515103749476367,5.44,1.88,17,[17],False,245,new,0
MEDANTA,Healthcare,1200.6,0.015418316377566077,7.85,-5.81,16,[16],False,246,new,0
NH,Healthcare,1820.3,0.023516165481510365,3.38,-0.55,16,[16],False,247,new,0
JBMA,Automobile and Auto Components,649.9,0.014219749026412432,8.71,0.12,16,[16],False,248,new,0
GICRE,Financial Services,395.25,0.013099735625905495,5.67,5.16,15,[15],False,249,new,0
PIDILITIND,Chemicals,1476.0,0.009013083705761815,1.08,1.43,15,[15],False,250,new,0
EXIDEIND,Automobile and Auto Components,362.25,0.013164669207415658,6.08,-4.6,15,[15],False,251,new,0
NIACL,Financial Services,164.1,0.007174447002329387,9.97,-9.94,14,[14],False,252,new,0
MANKIND,Healthcare,2430.8,0.0008493445738819716,12.4,1.3,14,[14],False,253,new,0
BDL,Capital Goods,1448.6,0.004397498214277595,11.48,-1.85,14,[14],False,254,new,0
DEEPAKNTR,Chemicals,1875.9,-0.0067621229785829184,13.2,8.03,13,[13],False,255,new,0
WELSPUNLIV,Textiles,133.8,-0.014002856025036592,-7.51,3.62,13,[13],False,256,new,0
JSWINFRA,Services,283.65,-0.006152532412477707,7.57,-2.14,13,[13],False,257,new,0
TATATECH,Information Technology,630.95,-0.017052981284478852,-4.33,-8.86,12,[12],False,258,new,0
CAPLIPOINT,Healthcare,1856.3,-0.01723364012306494,-0.6,-7.47,12,[12],False,259,new,0
RAINBOW,Healthcare,1304.5,-0.018341649926093773,16.2,-5.3,12,[12],False,260,new,0
CHOLAHLDNG,Financial Services,1780.7,-0.02171411205922802,3.73,-11.62,11,[11],False,261,new,0
BALRAMCHIN,Fast Moving Consumer Goods,522.75,-0.020497556645499793,18.36,17.07,11,[11],False,262,new,0
TATACHEM,Chemicals,781.55,-0.018351653770197207,8.93,-12.42,11,[11],False,263,new,0
INDGN,Healthcare,530.0,-0.022296004111512446,10.59,-1.68,10,[10],False,264,new,0
BERGEPAINT,Consumer Durables,515.75,-0.031169237975607,7.43,-4.04,10,[10],False,265,new,0
RECLTD,Financial Services,359.4,-0.03058472741518803,-3.75,-0.9,10,[10],False,266,new,0
GRAVITA,Metals & Mining,1763.0,-0.03421834601124185,6.06,-0.24,9,[9],False,267,new,0
FLUOROCHEM,Chemicals,3769.1,-0.0370395090526332,12.34,2.43,9,[9],False,268,new,0
PETRONET,Oil Gas & Consumable Fuels,283.8,-0.033023308090492254,-4.92,3.78,9,[9],False,269,new,0
SRF,Chemicals,2780.8,-0.05125230674057013,-4.79,-5.3,8,[8],False,270,new,0
MAZDOCK,Capital Goods,2657.3,-0.04777403392897972,9.65,-0.65,8,[8],False,271,new,0
SUMICHEM,Chemicals,485.55,-0.03737606071263111,13.23,-2.78,8,[8],False,272,new,0
GAIL,Oil Gas & Consumable Fuels,166.49,-0.05893009811920791,3.79,-5.47,7,[7],False,273,new,0
ARE&M,Automobile and Auto Components,888.85,-0.06293486785089608,6.28,-11.04,7,[7],False,274,new,0
AEGISLOG,Oil Gas & Consumable Fuels,720.9,-0.08351904970850488,2.84,-3.9,6,[6],False,275,new,0
CROMPTON,Consumer Durables,293.3,-0.08813554741655516,20.18,3.55,6,[6],False,276,new,0
NIVABUPA,Financial Services,81.29,-0.0648202200557294,3.24,9.76,6,[6],False,277,new,0
ELECON,Capital Goods,557.65,-0.09047690487845805,22.37,-1.35,5,[5],False,278,new,0
APTUS,Financial Services,282.8,-0.11273483583767585,3.34,-3.3,5,[5],False,279,new,0
SJVN,Power,78.79,-0.09750746915205388,8.16,-8.36,5,[5],False,280,new,0
MGL,Oil Gas & Consumable Fuels,1172.9,-0.11838855200812237,12.52,-7.21,4,[4],False,281,new,0
PPLPHARMA,Healthcare,179.85,-0.12239555447003903,10.91,-10.26,4,[4],False,282,new,0
COLPAL,Fast Moving Consumer Goods,2197.4,-0.11567883868764495,3.84,0.3,4,[4],False,283,new,0
ZEEL,Media Entertainment & Publication,95.11,-0.1224059630783576,12.14,-6.71,3,[3],False,284,new,0
BLUEDART,Services,5682.0,-0.14449657421093354,-0.43,-10.88,3,[3],False,285,new,0
PAGEIND,Textiles,37365.0,-0.15654403400141914,11.15,-8.69,3,[3],False,286,new,0
AAVAS,Financial Services,1443.6,-0.17635529449237086,1.65,-12.05,2,[2],False,287,new,0
NCC,Construction,170.04,-0.1693264142624049,9.6,-17.34,2,[2],False,288,new,0
KPRMILL,Textiles,955.75,-0.18812284248419542,-3.82,-9.26,2,[2],False,289,new,0
ACE,Capital Goods,947.25,-0.1891172922774682,8.2,-13.68,1,[1],False,290,new,0
CLEAN,Chemicals,893.1,-0.24249860011035929,11.73,-9.0,1,[1],False,291,new,0
TEJASNET,Telecommunication,514.4,-0.24265876355136728,47.37,-5.04,1,[1],False,292,new,0
POLYMED,Healthcare,1652.1,-0.3772388346085538,8.89,-15.5,0,[0],False,293,new,0
